CODE,CATEGORY,HIGH_N,HIGH_PERCENT,LOW_N,LOW_PERCENT,RISK_DIFFERENCE_PP,ODDS_RATIO,CI95_LOW,CI95_HIGH,P_VALUE,FDR_Q
E01,"Faculty teaching, feedback & mentorship",394,96.09756097560975,387,94.39024390243902,1.707317073170728,1.4635012919896642,0.7607905440241367,2.763460946492804,0.32495049894837547,0.34816124887325944
E02,Supervision & graduated autonomy,204,49.75609756097561,253,61.707317073170735,-11.951219512195124,0.6145285697839518,0.4662465441291359,0.8119626939716889,0.0007288689218095266,0.0015618619753061285
E03,"Clinical workload, volume & complexity",232,56.58536585365854,292,71.21951219512195,-14.634146341463413,0.5267046329074958,0.3951929197056406,0.704604282212812,1.706719629072839e-05,9.976752136599479e-05
E04,"Rotation, subspecialty & procedural exposure",112,27.317073170731707,170,41.46341463414634,-14.146341463414632,0.5305961310698776,0.3968196542299464,0.7122043048170006,2.660467236426528e-05,9.976752136599479e-05
E05,Team & interprofessional collaboration,170,41.46341463414634,195,47.5609756097561,-6.09756097560976,0.780982905982906,0.5931954129970243,1.0294893225924033,0.09165114685360089,0.12497883661854665
E06,Leadership & role-transition opportunities,29,7.073170731707317,43,10.487804878048781,-3.414634146341464,0.6496368186534822,0.40063870278748587,1.065217320045486,0.10815567981676721,0.13519459977095902
E07,"Teaching infrastructure, didactics & conferences",313,76.34146341463415,327,79.7560975609756,-3.414634146341456,0.8190359090765787,0.5889350632492101,1.1411659104743808,0.2727059716703067,0.3146607365426615
E08,Scholarly/research opportunities & barriers,47,11.463414634146341,75,18.29268292682927,-6.829268292682928,0.5783287419651056,0.392309606461386,0.8594895323289767,0.007870810239397095,0.011806215359095642
E09,Psychological safety & relational climate,297,72.4390243902439,307,74.8780487804878,-2.439024390243901,0.8818137269032313,0.6467945704267843,1.2033897579938815,0.4755745679009947,0.4755745679009947
E10,"Workflow, systems, resources & operational barriers",81,19.75609756097561,135,32.926829268292686,-13.170731707317074,0.5015197568389058,0.36593314891437645,0.6911419320665443,2.47058617217878e-05,9.976752136599479e-05
E11,"Wellbeing, fatigue & work-life strain",222,54.146341463414636,280,68.29268292682927,-14.146341463414636,0.5482522796352584,0.41329771782421,0.729675234814586,4.25455362590592e-05,0.00012763660877717758
E12,"Patient-care responsibility, acuity & continuity",198,48.292682926829265,254,61.951219512195124,-13.658536585365859,0.5736146189273511,0.4351703017339949,0.7582231054920849,0.00010999678020201867,0.00027499195050504667
E13,"Assessment, evaluation processes & expectations",204,49.75609756097561,246,60.0,-10.243902439024389,0.6601941747572816,0.5013472207418462,0.8711759112597586,0.003982978662084076,0.006638297770140127
E14,"Equity, inclusion & discrimination climate",35,8.536585365853659,91,22.195121951219512,-13.658536585365853,0.3271794871794872,0.2179297930543885,0.5000572795097492,6.632623161815428e-08,9.948934742723141e-07
E15,No explicit learning-environment feature described,340,82.92682926829268,370,90.2439024390244,-7.317073170731717,0.525096525096525,0.3491457891619096,0.7983306654024779,0.0028346721312598137,0.005315010246112151
