PROGRAM,N,MEAN_SCORE,MEAN_SPECIFICITY,MEAN_ACTIONABILITY,MEAN_CONFIDENCE,GAP_RATE,NEGATIVE_CASE_RATE
Family Medicine,88,6.255160294736842,3.1204619223945924,3.2076407623013847,65.50461646772564,0.011363636363636364,0.1590909090909091
Internal Medicine,65,5.8670003296875,3.124741036879725,3.2681568138702164,63.466381593561586,0.09230769230769231,0.4153846153846154
Pediatrics,51,4.402139167346939,2.984660832887764,3.1222949633285935,61.530743792898846,0.19607843137254902,0.49019607843137253
Neurology,37,4.972946602702703,3.253603734611472,3.3015385920109135,62.420728865137015,0.10810810810810811,0.32432432432432434
Anatomic & Clinical Pathology,37,4.683875424324325,3.0848745090717893,3.1826527228406616,59.53379038441222,0.1891891891891892,0.4594594594594595
Ophthalmology,37,7.122016824324325,3.152954252954253,3.2159983034983033,70.59451082251083,0.02702702702702703,0.05405405405405406
Cleveland Clinic Weston- Internal Medicine,36,7.114909805714286,3.208225989065716,3.3371031111123433,61.99823101708179,0.08333333333333333,0.3333333333333333
Pulmonary Diseases/Critical Care,36,6.285196475,3.149088190370663,3.2515649385659837,63.24381826339704,0.1388888888888889,0.3888888888888889
Orthopaedic Surgery,34,6.864158717647059,3.060070890022903,3.1556114539904225,66.52195653335498,0.029411764705882353,0.29411764705882354
Dermatology,28,5.109424285185185,3.0608803201352885,3.164542171945338,64.39564258925022,0.10714285714285714,0.35714285714285715
Cleveland Clinic Akron General- Family Medicine,28,6.116774015384616,3.23700698526279,3.340882713022943,51.194872570644506,0.07142857142857142,0.17857142857142858
Diagnostic Radiology,28,4.907665639285715,3.2051743017079155,3.3216068240452996,68.77276094907903,0.03571428571428571,0.35714285714285715
Anesthesiology,26,5.775023753846154,3.0932862442202707,3.2334385632243507,65.1491189225028,0.07692307692307693,0.2692307692307692
Psychiatry,23,6.079106781818182,3.0655528622736132,3.1611700393984847,64.0242741759831,0.08695652173913043,0.43478260869565216
Cleveland Clinic Akron General- Obstetrics and Gynecology,22,5.3530016045454545,3.4055555555555554,3.4547467152730316,68.17036986405407,0.0,0.13636363636363635
Obstetrics and Gynecology,22,4.910720765,3.2747720968729372,3.3757388573144875,57.87100868233074,0.045454545454545456,0.3181818181818182
General Surgery,22,5.662473713636364,2.9400448393980834,2.9790874832056247,63.735425969842574,0.3181818181818182,0.4090909090909091
Otolaryngology - Head and Neck Surgery,22,6.629444777272727,3.092476572614913,3.2268767561811385,56.99788874607036,0.18181818181818182,0.2727272727272727
Critical Care Medicine,21,4.868967980952381,2.9793603667287876,3.1437847761686775,59.31162664781612,0.047619047619047616,0.38095238095238093
South Pointe Hospital - Orthopaedic Surgery,20,7.943988464999999,2.993357655574637,3.122894388884955,64.82902671450879,0.05,0.35
Epilepsy,19,6.579713988235294,3.2951866846603686,3.392667566351777,67.20787224471435,0.0,0.05263157894736842
Cardiovascular Disease,18,6.832677635294117,2.942795544573618,3.004083010662121,71.24360026955735,0.05555555555555555,0.2222222222222222
Fairview Hospital - Internal Medicine,18,7.257035994444444,2.9942337904398,3.140711255519573,65.69942252975906,0.1111111111111111,0.3888888888888889
Urology,17,6.300718035294118,3.0926754519131907,3.130331161810792,68.55906559514479,0.11764705882352941,0.4117647058823529
Cleveland Clinic Weston- Neurology,16,6.1041775375,2.875954861111111,3.035763888888889,65.86877951388888,0.0,0.125
South Pointe Hospital - Anesthesiology,16,6.358064425,3.1233901515151516,3.218916062801932,58.54570191040843,0.0625,0.3125
South Pointe Hospital - General Surgery,15,6.239074306666667,2.9315985100882127,3.0320326457054145,56.20656539539492,0.06666666666666667,0.4
Infectious Disease,15,5.365438507142857,3.1728485073702464,3.3160353028613896,61.45037099962839,0.2,0.26666666666666666
Adult Cardiothoracic Anesthesiology,14,6.741707146153846,3.1690076671105873,3.2116527863508755,66.99828551165248,0.07142857142857142,0.7142857142857143
South Pointe Hospital - Osteopathic Neuromusculoskeletal Medicine,14,7.672041769230769,2.977168774208248,3.0328530335579207,62.12772400563096,0.0,0.07142857142857142
Cleveland Clinic Akron General- Internal Medicine,14,6.758829771428572,3.0825091073831876,3.2365100791599244,63.180452970498024,0.07142857142857142,0.2857142857142857
Hospice and Palliative Medicine,14,5.648336690909091,3.393078346203346,3.522897897897898,55.94532600010725,0.07142857142857142,0.14285714285714285
Radiation Oncology Physics,14,5.067143292857144,3.2023809523809526,3.267857142857143,51.480773809523804,0.0,0.14285714285714285
Gynecologic Oncology,13,6.605476550000001,3.5175260383904527,3.576710305198677,63.363086220748684,0.07692307692307693,0.15384615384615385
Neurological Surgery,13,4.673609316666666,3.1519954705054314,3.2203265954566453,65.00216634738828,0.0,0.38461538461538464
Pediatric Hematology and Oncology,13,7.043215758333333,3.2162393162393164,3.1865384615384613,57.837871794871795,0.0,0.07692307692307693
Cleveland Clinic Weston- Anesthesiology,12,6.696724081818181,3.094464302401645,3.1692937575927487,61.16268825343426,0.16666666666666666,0.08333333333333333
Pediatric Hospital Medicine,11,7.343711449999999,3.3592712842712844,3.5003246753246753,44.040193362193364,0.09090909090909091,0.18181818181818182
"Endocrinology, Diabetes & Metabolism",11,5.792053036363636,3.1240981240981243,3.331746031746032,63.167818181818184,0.0,0.18181818181818182
Maternal Fetal Medicine,11,6.415533688888889,3.2282828282828286,3.3337121212121215,63.8166351010101,0.0,0.2727272727272727
Nephrology,11,6.32435497,2.9967781243474474,3.1269137048607702,61.98274544365668,0.0,0.45454545454545453
Gastroenterology,11,6.789103009090908,3.363677977548299,3.475378220264584,63.419656985839474,0.0,0.45454545454545453
Cleveland Clinic Akron General- Emergency Medicine,10,6.04150257,2.9327285320365535,3.1865871792021125,56.96641348528084,0.1,0.6
Intracranial Neurophysiology,10,7.561872050000002,3.5061904761904765,3.5942857142857143,58.16651904761905,0.0,0.0
Pediatric Anesthesiology,10,6.815756500000001,3.3870512820512824,3.468685897435898,57.80537980769232,0.1,0.3
Thoracic Surgery Integrated,10,5.6735286,2.6651736111111113,2.9492013888888886,65.23437222222222,0.0,0.5
Urogynecology and Reconstructive Pelvic Surgery (ObGyn),10,5.992501177777778,3.1965189858364242,3.297096326093521,65.58540787572426,0.0,0.4
