GAP_CONCEPT,N
nan,164
no explicit learning-environment feature described,13
fund of knowledge gap,2
insufficient explicit learning-environment details,2
insufficient explicit learning-environment features,2
No explicit learning-environment feature described,2
viscerosomatic association thought process not mapped,1
immunization/screening knowledge gaps,1
EBUS training gap,1
Inpatient red team lacks explicit learning-environment features,1
intraoperative manual dexterity and tissue tension,1
brief: no explicit learning-environment feature,1
rotation duration limitation affecting learning progression,1
dx/plan commitment; addressing gaps in HCC/HM,1
insufficient evaluation contact,1
hippocampal constraints knowledge gap,1
insufficient contact limits evaluation of systems-based practice,1
no explicit research development observed,1
scholarly activity in mentorship,1
insufficient experiential diversity in technical skills,1
ambiguous learning needs not described,1
outpatient clinic context lacking explicit learning aspects,1
obstetrical delivery not mastered despite overall competency,1
ambiguous plan for undiagnosed nodule management,1
absence of structured bootcamp experience,1
gaps in knowledge of ASTRO/ABS criteria and trials,1
unclear training in ancillary diagnostic tests,1
ambiguous professionalism behavior,1
knowledge gaps in radiology and cardiology,1
gap identification from patient experiences,1
time limitations impact learning,1
chaotic training environment,1
inexplicit direct relational dynamics with diverse supervisees,1
high risk of board failure not clearly addressed by categories,1
POCUS application gap in intravascular volume assessment in extubated post-op cardiac patients,1
missing concrete learning experiences,1
insufficient patient information and misaligned expectations in care transitions,1
pest/hygiene safety gap,1
resident not involved in informed consent,1
specialty knowledge gap,1
insufficient bedside teaching details relative to EBM integration,1
insufficient narrative detail for learning-environment features,1
Lack of structural access or administrative barriers to resources,1
insufficient knowledge base,1
insufficient detail about learning impacts,1
insufficient explicit positive features,1
system-based practice exposure gap,1
medical knowledge deficits correlation to ITE performance,1
unclear research contribution,1
absence of feedback source,1
No explicit environmental feature described,1
unseen ICU content not covered,1
lack of learning opportunities,1
limited procedural exposure,1
microbiology knowledge gap,1
POCUS exposure gap,1
case log documentation gap,1
insufficient clinical resources and cross-service integration,1
insufficient narrative on reflective practice and evidence appraisal,1
pager workflow inefficiency,1
EBM training deficiency,1
esophageal anastomosis knowledge gap,1
handoff/transition of care gap,1
Not enough content to classify,1
limited medical knowledge in vascular concepts,1
ambiguous clinical performance description,1
research development gap,1
workload burden limiting learning,1
limited autonomy in cath lab culture,1
insufficient explicit supervisory guidance,1
limited patient exposure affecting clinical development,1
curriculum gap in ICU knowledge,1
knowledge gaps without explicit mechanisms,1
ambiguous future career goals,1
outpatient cardiology rotation educational aspects,1
inconsistent continuity affecting learning,1
roach presentation implying unsafe environment,1
insufficient patient volume for learning,1
unclear description of CSI technique and gap in knowledge,1
insufficient data synthesis and clinical confidence,1
wellbeing activities absent,1
pathophysiology knowledge gap,1
gap in medical knowledge,1
leave trajectory impact on learning,1
basal ganglia and thalamic anatomy gap,1
fatigue-related wellbeing impact,1
insufficient teaching time during rotation,1
poor breadth of knowledge observed,1
mismatch between rotation and typical community practice,1
no substantive narrative content,1
insufficient domain-specific knowledge across populations/illnesses/ethnic backgrounds,1
leadership development not clearly mapped,1
teamwork and psychological safety gap,1
dispositional issues as least valuable experiences,1
scope of medically compromised patients as a strength,1
insufficient explicitness on KA gap,1
insufficient evidence of scholarly writing development,1
misalignment of rotation content,1
"diagnostic reasoning, communication, data gathering gaps",1
life-work balance under wellbeing,1
unclear roles and responsibilities,1
gaps in knowledge,1
insufficient structure in a new program,1
insufficient foundational context for billing topic in lecture,1
disease-specific medical knowledge gaps affecting H&Ps,1
No explicit learning-environment feature described; generic reflection,1
insufficient time/resources,1
high clinical workload limiting learning opportunities,1
learning opportunities constrained by volume,1
content-title mismatch,1
insufficient contact in this area,1
career transition/interest shift,1
professionalism behavior specifics missing,1
career-path exploration and identity formation,1
research & scholarly development need,1
DVH interpretation gap,1
Breadth of medical knowledge and broader clinical reasoning,1
transitions of care as safety gap,1
limited narrative content about supervision,1
gaps in proactive research engagement and information flow,1
gender-focused specialty emphasis,1
undefined senior resident role,1
gender-based attendance ambiguity,1
inconsistent professional conduct and organization,1
knowledge gap in vasomotor symptoms and hormone therapy,1
vague rotating experiences,1
learning-materials and sign-out process gaps,1
insufficient protected academic time for fellows,1
Mentorship presence/recognition gap,1
insufficient data integration/uptake,1
least valuable experiences not well described,1
"weak areas in lymphoma, molecular findings, and immunohistochemistry markers in AP/ CP",1
gaps in legal/clinical knowledge,1
lack of insight into struggles and solutions,1
wellbeing activities in program,1
gaps in literature on body composition and neuro/metabolic outcomes,1
GI knowledge base enhancement,1
gender-specific technical skills exposure gap,1
MS-specific neurologic knowledge gap,1
psychological safety and relational climate compromised,1
Distribution of pathology as a vague strength,1
insufficient narrative for targets,1
unclear expectations at start,1
No explicit community service development described,1
handoff timing across service rotations,1
unclear roles and expectations under high workload,1
gender bias and retention concerns,1
Orthopaedic knowledge gap in pediatrics,1
insufficient exposure to comment,1
insufficient research participation opportunities,1
late start impacting skill development,1
interpersonal collegiality not linked to learning,1
outpatient learning opportunities gaps,1
insufficient detail on how the literature gap translates to practice,1
leadership humility and psychological safety deficits,1
insufficient gynecologic exposure and targeted procedures,1
No explicit educator role beyond teaching students,1
insufficient explicit learning-environment detail,1
wellness facilities access not tied to learning,1
insufficient detail on practice-based improvement prompts,1
workload-related burnout during clinic weeks,1
insufficient time with faculty limits skill development,1
missing research collaboration opportunity,1
Need for more liver disease learning,1
orbit and regional LN management in extension cases,1
No education balance described,1
Professionalism objective not described explicit,1
incomplete anatomy knowledge and counseling integration,1
Limited exposure to complex/high-acuity surgical cases,1
teaching/mentorship gap during consults,1
information retrieval / literature searching learning need,1
implicit clinical complexity without setting,1
barriers related to workload/time after day,1
insufficient details of QI project,1
knowledge-gap in literature interpretation,1
insufficient pharmacology/AE knowledge for oncologic therapy,1
insufficient structured teaching/education delivery,1
pharmacology depth improvement needed,1
insufficient subspecialty exposure affecting assessment scope,1
ambiguous security definition in learning space,1
no explicit feature described,1
lacking clear objectives and guidance,1
training interruptions due to maternities/illness,1
incomplete documentation and presentation skills,1
gender-focused clinical learning without context,1
no explicit impact on clinical performance yet,1
wellness activities in program,1
lecture-heavy curriculum impact on learning,1
insufficient exposure to valuable experiences,1
gap in knowledge about dyspnea in smokers with normal lung function,1
insufficient learner workspace in clinical environment,1
neuropsychiatric knowledge depth gap,1
assessment capability not described,1
unclear ISC/TMR/isocenter setup workflow,1
support-seeking in learning environment,1
ambiguous positive feedback on topic mastery,1
knowledge-to-patient-care gap,1
diverse patient population in leading academic hospital setting,1
race-ethnicity descriptor context,1
limited procedural exposure at trauma center,1
insufficient knowledge base explicit,1
insufficient structured teaching in mornings,1
Foundational microbiology knowledge gap,1
insufficient anatomy/contouring knowledge in case assessment,1
gender-based trust and feedback specificity gap,1
study knowledge gap,1
home-based self-study resources imply gaps in structured clinical environment,1
diversity/inclusion of fellows,1
unclear impact on learning objectives,1
insufficient applicability of high-level content,1
no explicit educational activity in LTACH setting,1
knowledge gap and remediation,1
ambiguous guidance from leadership,1
no explicit developmental effect described,1
limited interprofessional exposure and psychological safety cues,1
intern-focused education gaps during dispersed deployment,1
incomplete/descriptive reporting and knowledge base,1
self-directed learning vs curriculum,1
spine education/OR experience gap,1
gap between current knowledge and required knowledge,1
echo theory/time allocation gap,1
spine domain minor gap,1
insufficient detail on learning experiences,1
lack of formal educational activities,1
soft tissue lesion knowledge gap,1
no explicit improvement areas described,1
insufficient description of professionalism behaviors,1
brief narrative lacks detail for mapping,1
insufficient details on experiences to classify,1
insufficient scholarly/research opportunities for residents,1
insufficient exposure affecting knowledge development,1
HVLT/HA-WBRT knowledge gap,1
transplant renal pathology expertise,1
gender-based reasoning not captured by existing categories,1
diverse patient populations not well represented by existing categories,1
pet-based wellness activity in hospital,1
no explicit patient management or teamwork example,1
insufficient didactics and fatigue impact learning,1
ambiguity in governance/advocacy structures,1
outcomes assessment gap,1
insufficient domain knowledge in dosimetry QA standards,1
multiple unclear mentorships and incomplete project details,1
scheduled cleaning impacts rest and safety,1
insufficient deliberate practice/reading time,1
research time not provided,1
workspace constraints and crowding,1
focus and attention limitation,1
knowledge gaps and self-assessment need,1
insufficient didactic time and access to fellows,1
insufficient operative exposure and trauma teaching,1
insufficient clinical reasoning and professionalism under stress,1
